{
	"format_version": "1.8.0",
	"animations": {
		"animation.player.beam": {
			"animation_length": 1,
			"bones": {
				"head": {
					"rotation": {
						"0.0": {
							"vector": [0, 0, 0]
						},
						"0.2083": {
							"vector": [-2.5, 0, 0]
						},
						"0.7083": {
							"vector": [10, 0, 0]
						},
						"0.8333": {
							"vector": [3.5, 0, 0]
						},
						"1.0": {
							"vector": [0, 0, 0]
						}
					},
					"position": {
						"0.0": {
							"vector": [0, 0, 0]
						},
						"0.2083": {
							"vector": [0, -0.1, 0.7]
						},
						"0.7083": {
							"vector": [0, 0.3, 0.7]
						},
						"0.8333": {
							"vector": [0, -0.1, 0.1]
						},
						"1.0": {
							"vector": [0, 0, 0]
						}
					}
				},
				"body": {
					"rotation": {
						"0.0": {
							"vector": [0, 0, 0]
						},
						"0.2083": {
							"vector": [-17.5, 0, 0]
						},
						"0.625": {
							"vector": [-2.5, 0, 0]
						},
						"0.875": {
							"vector": [0, 0, 0]
						}
					},
					"position": {
						"0.0": {
							"vector": [0, 0, 0]
						},
						"0.2083": {
							"vector": [0, -1, 4]
						},
						"0.625": {
							"vector": [0, 0.4, 0.5]
						},
						"0.875": {
							"vector": [0, 0, 0]
						}
					}
				},
				"left_arm": {
					"rotation": {
						"0.0": {
							"vector": [0, 0, 0]
						},
						"0.125": {
							"vector": [-22.5, 0, -10]
						},
						"0.2083": {
							"vector": [-85, 0, -10]
						},
						"0.25": {
							"vector": [-82.47168, -4.95712, -10.65426]
						},
						"0.2917": {
							"vector": [-82.47168, -4.95712, -10.65426]
						},
						"0.3333": {
							"vector": [-77.5, 0, -10]
						},
						"0.375": {
							"vector": [-77.5, 0, -10]
						},
						"0.4167": {
							"vector": [-82.47168, -4.95712, -10.65426]
						},
						"0.4583": {
							"vector": [-77.5, 0, -10]
						},
						"0.5": {
							"vector": [-82.47168, -4.95712, -10.65426]
						},
						"0.5417": {
							"vector": [-77.5, 0, -10]
						},
						"0.5833": {
							"vector": [-77.5, 0, -10]
						},
						"0.6667": {
							"vector": [-82.47168, 4.95712, -9.34574]
						},
						"0.7083": {
							"vector": [-85, 0, -10]
						},
						"1.0": {
							"vector": [0, 0, 0]
						}
					},
					"position": {
						"0.0": {
							"vector": [0, -0.4, 0]
						},
						"0.2083": {
							"vector": [0, -0.4, 3.1]
						},
						"0.7083": {
							"vector": [0, -0.4, 3.1]
						},
						"0.8333": {
							"vector": [0, 0.5, -1.9]
						},
						"1.0": {
							"vector": [0, -0.4, 0]
						}
					}
				},
				"right_arm": {
					"rotation": {
						"0.0": {
							"vector": [0, 0, 0]
						},
						"0.125": {
							"vector": [-31.88034, 6.6782, 10.59061]
						},
						"0.2083": {
							"vector": [-79.38034, 6.6782, 10.59061]
						},
						"0.25": {
							"vector": [-81.93572, -0.25227, 9.60433]
						},
						"0.2917": {
							"vector": [-86.88034, 6.6782, 10.59061]
						},
						"0.3333": {
							"vector": [-81.93572, -0.25227, 9.60433]
						},
						"0.375": {
							"vector": [-81.93572, -0.25227, 9.60433]
						},
						"0.4167": {
							"vector": [-81.93572, -0.25227, 9.60433]
						},
						"0.4583": {
							"vector": [-86.88034, 6.6782, 10.59061]
						},
						"0.5": {
							"vector": [-81.93572, -0.25227, 9.60433]
						},
						"0.5833": {
							"vector": [-86.88034, 6.6782, 10.59061]
						},
						"0.6667": {
							"vector": [-81.93572, -0.25227, 9.60433]
						},
						"0.7083": {
							"vector": [-79.38034, 6.6782, 10.59061]
						},
						"1.0": {
							"vector": [0, 0, 0]
						}
					},
					"position": {
						"0.0": {
							"vector": [0, -0.5, 0]
						},
						"0.2083": {
							"vector": [0, -0.9, 2.7]
						},
						"0.7083": {
							"vector": [0, -0.9, 2.7]
						},
						"0.8333": {
							"vector": [0, 0, -1.2]
						},
						"1.0": {
							"vector": [0, -0.5, 0]
						}
					}
				},
				"left_leg": {
					"rotation": {
						"0.0": {
							"vector": [0.20897, 0.70181, 0.07123]
						},
						"0.125": {
							"vector": [0.20897, 0.70181, 0.07123]
						},
						"0.2083": {
							"vector": [35.17974, -12.44459, -9.87723]
						},
						"0.4583": {
							"vector": [35.17974, -12.44459, -9.87723]
						},
						"0.7917": {
							"vector": [12.67974, -12.44459, -9.87723]
						},
						"0.875": {
							"vector": [0.20897, 0.70181, 0.07123]
						}
					}
				},
				"right_leg": {
					"rotation": {
						"0.0": {
							"vector": [0, 0, 0]
						},
						"0.125": {
							"vector": [0, 0, 0]
						},
						"0.2083": {
							"vector": [10, 0, 0]
						},
						"0.4583": {
							"vector": [10, 0, 0]
						},
						"0.7917": {
							"vector": [25, 0, 0]
						},
						"0.875": {
							"vector": [0, 0, 0]
						}
					}
				}
			}
		}
	}
}